customers,product,relevancy_score
A10001,5649625,0.113651725
A10001,5649910,0.185383288
A10001,5650057,0.083214558
A10001,5650453,0.127121922
A10001,5650489,0.462134
A10001,5650516,0.043752509
A10001,5650670,0.08942841900000001
A10002,5649625,0.018701237
A10002,5649857,0.368594535
A10002,5650057,0.147965507
A10002,5650453,0.18708561899999998
A10002,5650516,0.11943734199999999
A10002,5650558,0.44190219999999997
A10002,5650670,0.104347657
A10003,5649910,0.114461966
A10003,5650057,0.107380466
A10003,5650453,0.040129029
A10003,5650516,0.04064057
A10003,5650558,0.353182996
A10004,5649897,0.22800799300000002
A10004,5650057,0.092390761
A10004,5650453,0.075967568
A10004,5650516,0.14478519199999998
A10004,5650706,0.062928405
A10005,5649625,0.12200951
A10005,5650057,0.056883374
A10005,5650453,0.360515056
A10005,5650516,0.45192112
A10005,5650592,0.050195092000000004
A10005,5650670,0.06818632200000001
A10006,5649910,0.157777998
A10006,5650057,0.062648762
A10006,5650453,0.11267425
A10006,5650516,0.041318637000000005
A10006,5650558,0.43053418200000004
A10007,5649910,0.17494039399999997
A10007,5650057,0.031830328
A10007,5650453,0.07645586
A10007,5650489,0.335708414
A10007,5650516,0.327444089
A10007,5650670,0.039445083
A10008,5650057,0.47844859700000003
A10008,5650453,0.073155836
A10008,5650560,0.289240061
A10008,5650706,0.044825694000000006
A10008,5650726,0.313553438
A10009,5649910,0.065089304
A10009,5650057,0.05808581
A10009,5650453,0.212258903
A10009,5650558,0.370005782
A10009,5650670,0.048385658
A10009,5650706,0.431750332
A10010,5649897,0.077826197
A10010,5650057,0.102995319
A10010,5650453,0.303712647
A10010,5650516,0.22945460899999998
A10010,5650558,0.347404914
A10010,5650670,0.06122604
A10010,5650706,0.291826335
A10011,5649910,0.125215672
A10011,5650057,0.078507776
A10011,5650453,0.176931912
A10011,5650489,0.033569891
A10011,5650516,0.38437754700000004
A10011,5650558,0.31262462
A10011,5650670,0.030088253
A10012,5649625,0.157926643
A10012,5649910,0.019589526
A10012,5650057,0.06150492
A10012,5650453,0.060404152999999995
A10012,5650489,0.073056564
A10012,5650516,0.34844652600000003
A10012,5650558,0.311165182
A10012,5650670,0.031926509
A10013,5650057,0.162485188
A10013,5650453,0.103152989
A10013,5650489,0.080198922
A10013,5650516,0.042635139
A10013,5650558,0.345144319
A10013,5650670,0.050293539000000005
A10014,5649910,0.018099732
A10014,5650057,0.177468607
A10014,5650453,0.390403474
A10014,5650558,0.329149911
A10014,5650706,0.45159520700000005
A10015,5649565,0.053997137
A10015,5649910,0.018414988
A10015,5650057,0.043382553
A10015,5650453,0.044022295
A10015,5650516,0.075709048
A10015,5650670,0.041948751
A10016,5649897,0.226098968
A10016,5649908,0.033415681
A10016,5650057,0.035018825
A10016,5650470,0.031869844
A10016,5650558,0.391343244
A10016,5650706,0.294560626
A10017,5649897,0.347107214
A10017,5650057,0.062082202999999996
A10017,5650453,0.416852269
A10017,5650470,0.023993342999999997
A10018,5649910,0.13965289
A10018,5650057,0.062965328
A10018,5650453,0.137757563
A10018,5650558,0.32693590000000006
A10018,5650670,0.041492997999999996
A10018,5650706,0.401102346
A10019,5649625,0.030083727
A10019,5649910,0.143941919
A10019,5650057,0.034015943
A10019,5650453,0.195278725
A10019,5650489,0.024866187
A10019,5650670,0.31310953199999997
A10020,5649585,0.21394175399999998
A10020,5649897,0.126552327
A10020,5650057,0.05627386
A10020,5650560,0.11637505
A10020,5650706,0.310259642
A10020,5650726,0.22281140800000002
A10021,5649910,0.16392483800000002
A10021,5650057,0.069749041
A10021,5650453,0.08933274699999999
A10021,5650489,0.480545403
A10021,5650516,0.606492853
A10021,5650670,0.038671617
A10022,5649910,0.14134185900000001
A10022,5650057,0.039425326000000004
A10022,5650453,0.138162698
A10022,5650516,0.104560578
A10022,5650558,0.27669640300000004
A10022,5650670,0.259975313
A10022,5650706,0.272682059
A10023,5649646,0.032539742
A10023,5650057,0.037385439
A10023,5650706,0.37649798700000003
A10023,5650724,0.11927956199999999
A10023,5650726,0.19315664100000002
A10024,5649897,0.078555522
A10024,5650057,0.061599395
A10024,5650470,0.021051676000000002
A10024,5650558,0.343369133
A10024,5650706,0.283873875
A10024,5650726,0.21851199600000001
A10025,5649625,0.014988182
A10025,5649910,0.019209233
A10025,5650057,0.063367141
A10025,5650453,0.048770673
A10025,5650489,0.354670208
A10025,5650670,0.029983087999999998
A10026,5649585,0.22030117300000002
A10026,5650057,0.056162891
A10026,5650470,0.020997551
A10027,5649910,0.15758091400000002
A10027,5650057,0.053834289
A10027,5650453,0.15800769
A10027,5650470,0.187256228
A10027,5650489,0.070350318
A10027,5650516,0.040696459
A10027,5650670,0.047444455999999996
A10028,5649585,0.02320554
A10028,5649897,0.239662436
A10028,5649921,0.02602837
A10028,5650057,0.062099639000000005
A10028,5650706,0.276586558
A10029,5649625,0.014224246999999999
A10029,5649857,0.269121025
A10029,5650057,0.038691962999999996
A10029,5650453,0.123015345
A10029,5650516,0.32355504
A10029,5650558,0.29195712
A10029,5650592,0.051487528
A10029,5650670,0.04210915900000001
A10030,5649565,0.193749367
A10030,5650057,0.31461681
A10030,5650453,0.027302977000000003
A10030,5650516,0.034776893999999996
A10031,5649625,0.017308555
A10031,5649857,0.122618592
A10031,5650057,0.119868733
A10031,5650453,0.346958204
A10031,5650516,0.028054849
A10031,5650558,0.86389816
A10031,5650670,0.047961341
A10032,5649897,0.038408998
A10032,5650057,0.35036783200000005
A10032,5650453,0.13620982
A10032,5650470,0.029676502
A10032,5650706,0.138959358
A10032,5650726,0.15252743900000001
A10033,5649897,0.130408797
A10033,5650057,0.039999473
A10033,5650453,0.077035488
A10033,5650516,0.36963159100000004
A10033,5650558,0.283746097
A10033,5650670,0.038609171
A10033,5650706,0.446432414
A10034,5649897,0.21898811699999998
A10034,5649908,0.031254041
A10034,5650457,0.032676977999999995
A10035,5649897,0.09141689199999999
A10035,5650057,0.055499255
A10035,5650470,0.040028746000000004
A10035,5650706,0.415844944
A10035,5650726,0.312990838
A10036,5649897,0.233723705
A10036,5650057,0.06429669
A10036,5650453,0.056061779000000006
A10036,5650470,0.048719952000000004
A10036,5650516,0.369128981
A10036,5650706,0.308476102
A10037,5650057,0.049868865
A10037,5650453,0.09602521900000001
A10037,5650489,0.07911404799999999
A10037,5650516,0.029802315
A10037,5650670,0.020529196
A10038,5649897,0.106608522
A10038,5650057,0.28010019
A10038,5650453,0.103601852
A10038,5650470,0.042211155
A10038,5650516,0.036425615
A10039,5649910,0.008294128000000001
A10039,5650057,0.047637645
A10039,5650453,0.03591073
A10039,5650489,0.28102778100000003
A10039,5650516,0.031378095
A10039,5650706,0.324929108
A10040,5649565,0.023210262000000002
A10040,5649910,0.135207271
A10040,5650057,0.039152757999999996
A10040,5650453,0.108751036
A10040,5650516,0.302868614
A10040,5650670,0.041130439
A10041,5649910,0.094623106
A10041,5650057,0.026621042
A10041,5650453,0.015984741
A10041,5650489,0.013760706999999999
A10041,5650516,0.353332911
A10041,5650558,0.19568337800000002
A10041,5650670,0.01577432
A10042,5649897,0.35263237
A10042,5649908,0.29610558
A10042,5650465,0.028646937999999997
A10042,5650706,0.278501351
A10042,5650726,0.010366289
A10043,5649565,0.092893774
A10043,5650057,0.037383627999999995
A10043,5650453,0.054284883
A10043,5650516,0.032504851
A10043,5650670,0.032260011
A10044,5649910,0.030277538
A10044,5650057,0.040900629
A10044,5650453,0.039146789
A10044,5650558,0.274880327
A10044,5650670,0.030081055
A10045,5649910,0.024533761
A10045,5650057,0.043220622
A10045,5650489,0.275991947
A10045,5650516,0.324527171
A10045,5650558,0.24128469800000002
A10045,5650670,0.045799347000000004
A10046,5649897,0.194369942
A10046,5650560,0.036317873
A10046,5650706,0.31098495
A10047,5650057,0.045796897
A10047,5650453,0.137374683
A10047,5650489,0.302879655
A10047,5650516,0.33338800399999996
A10047,5650558,0.37371778200000005
A10047,5650592,0.039390201
A10047,5650670,0.047256331
A10048,5649897,0.031951366
A10048,5650057,0.023090661000000002
A10048,5650726,0.019020347
A10049,5649897,0.22496839300000002
A10049,5650057,0.318686412
A10049,5650726,0.198510093
A10050,5649908,0.048693277
A10050,5650057,0.04452461
A10050,5650453,0.043614579
A10050,5650558,0.298799421
A10050,5650706,0.36148377
A10050,5650726,0.030455406
A10051,5650057,0.033337887000000004
A10051,5650706,0.358415621
A10051,5650726,0.010953547
A10052,5649897,0.254071002
A10052,5650453,0.018765699
A10052,5650706,0.304011164
A10052,5650726,0.011812106000000001
A10053,5649897,0.28960105
A10053,5650057,0.047433657000000004
A10053,5650457,0.047399700999999995
A10053,5650560,0.03460073
A10053,5650706,0.41539881799999995
A10053,5650726,0.02370232
A10054,5649897,0.342653141
A10054,5650057,0.043652602
A10054,5650453,0.040243693
A10054,5650516,0.039604488
A10054,5650706,0.312174668
A10055,5649585,0.186116263
A10055,5649897,0.22824925199999999
A10055,5650560,0.020546805
A10055,5650726,0.230726586
A10056,5649625,0.028564386
A10056,5649910,0.084788492
A10056,5650057,0.042480178
A10056,5650453,0.024586117
A10056,5650489,0.032910278
A10056,5650516,0.304857211
A10056,5650670,0.20980188100000002
A10057,5649910,0.113546714
A10057,5650057,0.051473575
A10057,5650453,0.030700778999999997
A10057,5650516,0.022013924
A10057,5650706,0.339494423
A10058,5649897,0.21435681899999998
A10058,5650057,0.030107038
A10058,5650453,0.266534225
A10058,5650470,0.012357287
A10058,5650670,0.029338016
A10058,5650706,0.021963392
A10059,5649897,0.23175942300000002
A10059,5650457,0.029450642000000003
A10059,5650465,0.134198982
A10059,5650518,0.049495825
A10059,5650560,0.29519647600000004
A10060,5650057,0.038985997
A10060,5650706,0.300155644
A10060,5650726,0.191642003
A10061,5649908,0.039782336
A10061,5650057,0.309017908
A10061,5650453,0.08451625300000001
A10061,5650516,0.302121431
A10061,5650558,0.253131115
A10061,5650706,0.286155148
A10062,5649611,0.019159456000000002
A10062,5649897,0.259209642
A10062,5650457,0.37319320899999997
A10062,5650724,0.280121248
A10063,5649897,0.120980434
A10063,5650057,0.040909804
A10063,5650453,0.039041975
A10064,5649585,0.02978611
A10064,5649908,0.036749778999999996
A10064,5650457,0.084093192
A10064,5650465,0.314115221
A10064,5650560,0.305734422
A10065,5649897,0.06419283099999999
A10065,5650057,0.034563927
A10065,5650470,0.023801673
A10065,5650558,0.309236079
A10065,5650706,0.28220967199999997
A10066,5649910,0.07943677
A10066,5650057,0.043828263
A10066,5650453,0.026229461000000003
A10066,5650670,0.036505128
A10067,5650057,0.049111777
A10067,5650453,0.048837850999999995
A10067,5650558,0.35692204200000005
A10067,5650706,0.350765593
A10067,5650726,0.012032155
A10068,5649897,0.234388995
A10068,5650057,0.053112325
A10068,5650470,0.031649629
A10069,5649897,0.37784097899999997
A10069,5650057,0.041113207
A10069,5650453,0.030317359
A10069,5650470,0.016713516
A10069,5650516,0.020996357
A10069,5650670,0.02914997
A10069,5650706,0.30571593399999997
A10070,5649897,0.066775499
A10070,5650057,0.036270066000000004
A10070,5650453,0.107757314
A10070,5650470,0.035559363999999996
A10070,5650516,0.30524962699999997
A10070,5650706,0.348932898
A10072,5649897,0.22991985
A10072,5650465,0.27266979199999997
A10072,5650470,0.017002121000000002
A10072,5650726,0.217905017
A10073,5650057,0.063096319
A10073,5650516,0.034067091
A10073,5650558,0.315509849
A10073,5650670,0.285823306
A10074,5649897,0.167893883
A10074,5650057,0.020001613
A10074,5650465,0.036900009
A10074,5650726,0.01299266
A10075,5649897,0.01274383
A10075,5650560,0.018534079
A10075,5650726,0.011138948999999999
A10077,5649611,0.270698807
A10077,5649908,0.041852111000000004
A10077,5650457,0.247327916
A10077,5650724,0.319888542
A10078,5649897,0.04774339
A10078,5650057,0.367330107
A10078,5650453,0.035191777
A10078,5650516,0.032770424
A10078,5650558,0.279521117
A10078,5650670,0.019292343
A10079,5649897,0.09007710599999999
A10079,5649908,0.10882846199999999
A10079,5650057,0.06852770700000001
A10080,5649897,0.19114932199999998
A10080,5650057,0.032446837
A10080,5650706,0.31532368899999996
A10081,5649897,0.207452587
A10081,5650057,0.199675233
A10081,5650470,0.025227204
A10081,5650558,0.322248935
A10081,5650706,0.292826591
A10082,5649625,0.013904574
A10082,5650057,0.030478308
A10082,5650453,0.036329822000000005
A10082,5650489,0.054106441
A10082,5650558,0.26712904
A10082,5650670,0.23926052899999997
A10083,5649611,0.09472259
A10083,5649908,0.120270772
A10083,5650726,0.14917285
A10084,5649897,0.09044612699999999
A10084,5650057,0.035779572
A10084,5650560,0.04313243
A10084,5650724,0.016063728
A10084,5650726,0.18907617399999999
A10085,5649611,0.22771528800000002
A10085,5649908,0.02369608
A10085,5650465,0.33714364
A10087,5650057,0.057515054
A10087,5650453,0.028554403
A10087,5650706,0.329298892
A10088,5649646,0.173824072
A10088,5650057,0.05923442
A10088,5650470,0.022536997000000003
A10088,5650726,0.190681657
A10089,5649585,0.237164862
A10089,5650457,0.329664729
A10089,5650726,0.022931656
A10090,5649897,0.24080944
A10090,5650518,0.03527446
A10090,5650560,0.241017125
A10090,5650726,0.184009687
A10091,5649585,0.102776841
A10091,5649908,0.037290251
A10091,5650050,0.032726085
A10091,5650457,0.030944882000000003
A10091,5650465,0.056373730999999996
A10091,5650518,0.036576305
A10091,5650560,0.293498978
A10092,5649585,0.015576292
A10092,5649646,0.020793818999999998
A10092,5649897,0.16517475
A10092,5650465,0.046021158
A10092,5650726,0.17652409
A10093,5649910,0.020694662
A10093,5650057,0.09434764699999999
A10093,5650453,0.116542146
A10093,5650516,0.023823904
A10093,5650558,0.260016582
A10093,5650670,0.25256349100000003
A10094,5650057,0.042256632999999995
A10094,5650453,0.028495229
A10094,5650516,0.295661002
A10094,5650558,0.315823
A10094,5650670,0.028121341
A10095,5649585,0.06057547
A10095,5649646,0.026674512999999997
A10095,5650057,0.057197632000000005
A10095,5650706,0.24685997199999998
A10095,5650724,0.051205468
A10096,5649585,0.019110641
A10096,5649897,0.25487727
A10096,5650465,0.252642056
A10096,5650724,0.024102315
A10097,5650057,0.06454111
A10097,5650453,0.024956891000000002
A10097,5650726,0.233844589
A10098,5649897,0.10277235800000001
A10098,5650057,0.03366308
A10098,5650453,0.036970505
A10098,5650470,0.014867863
A10098,5650558,0.23267524399999998
A10098,5650706,0.281781187
A10098,5650726,0.010370393
A10100,5649646,0.190353437
A10100,5649897,0.495023362
A10100,5650057,0.389343344
A10100,5650470,0.0276471
A10100,5650726,0.173294313
A10101,5650057,0.281225829
A10101,5650457,0.256622258
A10101,5650726,0.19481427199999998
A10102,5649897,0.23029357399999997
A10102,5650057,0.025037195
A10102,5650453,0.070349252
A10102,5650558,0.48158938100000004
A10102,5650724,0.241920461
A10102,5650726,0.17693830800000002
A10104,5649897,0.08945764
A10104,5650465,0.384795402
A10104,5650518,0.260215769
A10105,5649842,0.194433159
A10105,5650423,0.047301395999999996
A10105,5650457,0.328392504
A10106,5650057,0.036599414
A10106,5650453,0.025917184
A10106,5650516,0.059225063
A10106,5650558,0.36878755799999996
A10106,5650670,0.020018776000000002
A10106,5650706,0.042431221
A10108,5650057,0.036095401
A10108,5650453,0.053237302
A10108,5650489,0.234542853
A10108,5650516,0.021835817999999996
A10108,5650670,0.019312703
A10108,5650724,0.268156955
A10109,5649611,0.219945119
A10109,5649935,0.265429819
A10109,5650423,0.035070622
A10109,5650465,0.103470746
A10110,5649897,0.18924110100000002
A10110,5650057,0.019686616
A10110,5650457,0.01897507
A10110,5650706,0.022258378
A10110,5650726,0.16788669899999997
A10111,5650057,0.020556055
A10111,5650453,0.061520917
A10111,5650516,0.025068055
A10111,5650670,0.019054167
A10111,5650706,0.259415955
A10112,5649625,0.008556588
A10112,5649910,0.031255534
A10112,5650057,0.038303439
A10112,5650453,0.020986737000000002
A10112,5650489,0.235039697
A10112,5650670,0.019428836
A10113,5649646,0.031254877
A10113,5649897,0.6757105590000001
A10113,5649908,0.093873359
A10113,5650465,0.023173944
A10113,5650726,0.020554005
A10115,5649897,0.204435375
A10115,5650518,0.04396174
A10115,5650560,0.385537416
A10117,5649897,0.27582556
A10117,5650457,0.26616794899999996
A10117,5650465,0.261844311
A10117,5650518,0.040587159
A10118,5650057,0.03475315
A10118,5650453,0.055155592
A10118,5650516,0.034129176000000004
A10118,5650670,0.032023419
A10118,5650706,0.28411024100000004
A10119,5650057,0.029329038999999998
A10119,5650457,0.017252636000000002
A10119,5650560,0.245518003
A10119,5650706,0.309027984
A10119,5650724,0.312249028
A10119,5650726,0.009101142
A10120,5649585,0.01158345
A10120,5650057,0.040174901
A10120,5650560,0.025421886
A10120,5650724,0.030300103
A10120,5650726,0.02104668
A10122,5649908,0.263129066
A10122,5650423,0.026669196000000003
A10122,5650465,0.312824508
A10122,5650518,0.028351067
A10123,5649897,0.234564832
A10123,5650057,0.033453361
A10123,5650453,0.083856556
A10123,5650516,0.043651759000000005
A10124,5649611,0.02109683
A10124,5649842,0.033706485
A10124,5649908,0.023205215
A10124,5650457,0.225915027
A10124,5650465,0.039679037
A10125,5650057,0.033180877000000004
A10125,5650453,0.257892468
A10125,5650558,0.239377237
A10125,5650706,0.278243723
A10125,5650724,0.01970544
A10126,5649585,0.029437584
A10126,5649897,0.055870178
A10126,5649908,0.268769995
A10126,5650512,0.261347278
A10126,5650560,0.304369846
A10127,5650423,0.26490361
A10127,5650465,0.28243149300000003
A10127,5650512,0.26370261899999997
A10127,5650560,0.038911898
A10129,5649897,0.04297214
A10129,5649908,0.24521484100000002
A10129,5650560,0.043452447000000005
A10131,5649908,0.046881136
A10131,5650465,0.343827349
A10131,5650512,0.25832364
A10132,5650057,0.030921524
A10132,5650453,0.019562657
A10132,5650516,0.057960359
A10133,5650057,0.025616036000000002
A10133,5650453,0.021565861000000002
A10133,5650470,0.022184156
A10134,5649842,0.12085384699999999
A10134,5650423,0.023258887000000002
A10134,5650465,0.041254884
A10134,5650560,0.054718092999999995
A10135,5649842,0.09726604800000001
A10135,5650465,0.163043014
A10135,5650560,0.159363636
A10136,5649897,0.280483143
A10136,5650465,0.022766086
A10136,5650529,0.25912745600000003
A10142,5649908,0.015515201999999999
A10142,5650457,0.287055548
A10142,5650465,0.260028323
A10142,5650512,0.22497934600000002
A10142,5650560,0.043585559
A10144,5649585,0.032213497
A10144,5649897,0.09652756
A10144,5649908,0.046518234000000006
A10144,5650457,0.027560282999999998
A10144,5650465,0.043267948
A10144,5650560,0.036561734
A10144,5650726,0.170403505
A10145,5649908,0.24684636199999999
A10145,5650465,0.265004664
A10145,5650560,0.023588607999999997
A10145,5650726,0.009082251999999999
A10146,5649908,0.027549015
A10146,5650465,0.079903011
A10146,5650726,0.016734867
A10147,5650457,0.277918773
A10147,5650512,0.233215545
A10147,5650560,0.027026438
A10148,5649847,0.016268082
A10148,5650423,0.045423948
A10148,5650465,0.152911079
A10148,5650512,0.242302333
A10149,5649842,0.019316284
A10149,5649908,0.015511146000000002
A10149,5650457,0.284409635
A10149,5650465,0.048842904000000006
A10149,5650518,0.032294956
A10150,5649842,0.120017554
A10150,5649908,0.023027412999999997
A10150,5650423,0.023101802999999997
A10150,5650457,0.028481772000000002
A10150,5650465,0.05200709
A10150,5650512,0.038822438
A10150,5650518,0.029727245
A10150,5650560,0.03748539
A10151,5649847,0.133750009
A10151,5650050,0.028903422999999998
A10151,5650465,0.025121957
A10153,5650465,0.066420292
A10153,5650706,0.33467422
A10153,5650724,0.020698471
A10153,5650726,0.10740278
A10154,5649847,0.230493477
A10154,5649897,0.085404124
A10154,5649908,0.1953558
A10154,5650457,0.024643013999999998
A10154,5650706,0.256701494
A10154,5650726,0.169837547
A10155,5650057,0.028344117999999998
A10155,5650453,0.028386379
A10155,5650558,0.215707989
A10155,5650726,0.031844684
A10156,5649847,0.242864627
A10156,5649908,0.024232635
A10156,5650457,0.036558671
A10156,5650560,0.24979210699999999
A10156,5650724,0.218761724
A10156,5650726,0.22503421
A10157,5649897,0.055555462
A10157,5650057,0.27718149
A10157,5650453,0.087966565
A10157,5650706,0.362664142
A10157,5650726,0.165698681
A10158,5649897,0.24126409399999998
A10158,5649908,0.014504172
A10158,5650057,0.169818942
A10158,5650726,0.0064969680000000005
A10161,5649681,0.023545005
A10161,5649842,0.249491808
A10161,5649935,0.013762692
A10163,5649842,0.22452588899999998
A10163,5649847,0.208342692
A10163,5650518,0.259504479
A10163,5650560,0.295718889
A10164,5649847,0.2128437
A10164,5650560,0.027667642000000003
A10164,5650726,0.143980559
A10165,5649842,0.227921922
A10165,5649921,0.01831649
A10165,5650457,0.267953534
A10165,5650465,0.247281886
A10166,5649847,0.23612841899999998
A10166,5649897,0.08349929
A10166,5650518,0.021764877000000002
A10166,5650560,0.028428044
A10167,5649681,0.23303632100000002
A10167,5649842,0.204696025
A10167,5649847,0.222724139
A10167,5650423,0.017377716
A10167,5650560,0.231228555
A10168,5649897,0.18429628899999997
A10168,5650057,0.156623196
A10168,5650453,0.019260871000000002
A10168,5650470,0.014370724
A10168,5650516,0.013019363
A10168,5650726,0.0051684090000000005
A10169,5649847,0.116049582
A10169,5649897,0.073136487
A10169,5650518,0.244820863
A10169,5650560,0.014204271999999999
A10170,5649908,0.23962240899999998
A10170,5650518,0.277176612
A10170,5650560,0.312592669
A10171,5649897,0.121904258
A10171,5649908,0.021183362
A10171,5650057,0.02409245
A10171,5650724,0.151086417
A10171,5650726,0.008647781
A10172,5649847,0.226714783
A10172,5650465,0.023199627
A10172,5650518,0.014789918999999999
A10172,5650560,0.26956055
A10174,5649935,0.021893192000000002
A10174,5650465,0.032711909
A10174,5650560,0.237953635
A10175,5649585,0.017965182
A10175,5650518,0.22693350899999998
A10175,5650560,0.015857168
A10179,5649585,0.029291697000000002
A10179,5649908,0.015062803999999999
A10179,5650465,0.035697721
A10179,5650560,0.034367394
A10182,5649842,0.11560666900000001
A10182,5650465,0.253770586
A10182,5650560,0.272219928
A10182,5650580,0.020256853999999998
A10183,5649842,0.229295332
A10183,5649908,0.292246496
A10183,5650457,0.01569836
A10183,5650465,0.019510756
A10183,5650518,0.307833973
A10183,5650560,0.015230255
A10188,5649585,0.017727198
A10188,5649908,0.022836809
A10188,5650724,0.251490569
A10188,5650726,0.17252873
A10189,5649585,0.013797146000000001
A10189,5649908,0.029382704
A10189,5650465,0.027752771000000002
A10189,5650560,0.018512844
A10190,5649611,0.012931969
A10190,5649847,0.136119543
A10190,5649921,0.108545628
A10190,5650465,0.285939897
A10190,5650580,0.234539437
A10193,5649585,0.020507833
A10193,5649897,0.10127439
A10193,5650457,0.243591644
A10193,5650518,0.021381973
A10193,5650560,0.032945552
A10194,5649585,0.004464177
A10194,5649897,0.08567323800000001
A10194,5650518,0.238148836
A10197,5649847,0.11233588
A10197,5650560,0.012296868999999998
A10197,5650726,0.126446528
A10200,5649897,0.140143161
A10200,5649908,0.015349128
A10200,5650560,0.019048334
A10201,5649842,0.278295826
A10201,5649847,0.083698206
A10201,5649897,0.255179468
A10201,5649908,0.06182768599999999
A10201,5650518,0.026743481
A10201,5650560,0.27511882600000004
A10203,5649847,0.03222825
A10203,5649897,0.10969881699999999
A10203,5650518,0.043910854000000006
A10203,5650560,0.014509817
A10205,5649935,0.019210185
A10205,5650431,0.034180057
A10205,5650560,0.24570559399999997
A10208,5649842,0.297075228
A10208,5649847,0.227541875
A10208,5649935,0.00896382
A10208,5650465,0.012340448
A10211,5649625,0.08232909
A10211,5650057,0.029125107999999997
A10211,5650453,0.039255373999999996
A10211,5650489,0.006492829
A10211,5650516,0.0397751
A10211,5650558,0.03169906
A10212,5649681,0.019369871
A10212,5649842,0.168132003
A10212,5650512,0.252826435
A10212,5650546,0.246824545
A10212,5650560,0.024022317
A10214,5650057,0.058418937000000004
A10214,5650453,0.012179958999999999
A10214,5650516,0.033278824
A10214,5650724,0.06960723
A10216,5649681,0.28195365
A10216,5649842,0.139135223
A10216,5649935,0.018038019
A10216,5650512,0.223313318
A10217,5649681,0.035046859
A10217,5650560,0.23010682899999998
A10217,5650580,0.013433131999999999
A10218,5650057,0.011814641
A10218,5650457,0.012745513
A10218,5650470,0.038476545
A10218,5650726,0.038096922000000005
A10219,5649681,0.024542145
A10219,5649847,0.026407369
A10219,5649921,0.0067291009999999995
A10219,5650560,0.019769931
A10220,5649921,0.020776748
A10220,5650560,0.230872165
A10220,5650580,0.01834678
A10221,5650057,0.033487842999999996
A10221,5650558,0.050037079000000005
A10221,5650706,0.103689114
A10221,5650724,0.128911829
A10221,5650726,0.020054672
A10222,5649681,0.41612658
A10222,5649842,0.10753379199999999
A10222,5649921,0.079136573
A10222,5650560,0.129410716
A10223,5649681,0.29992289899999997
A10223,5649842,0.10759124
A10223,5649921,0.01069648
A10223,5649935,0.207599349
A10223,5650465,0.023883388
A10224,5649897,0.061272555
A10224,5650057,0.055686343
A10224,5650453,0.025371457000000004
A10224,5650558,0.065118838
A10224,5650670,0.013145068999999999
A10224,5650706,0.121869035
A10226,5649625,0.011596688
A10226,5649857,0.05540930000000001
A10226,5650057,0.048193205999999995
A10226,5650453,0.048075936
A10226,5650516,0.022274164
A10226,5650558,0.030118348
A10226,5650592,0.014013311
A10226,5650670,0.014421031
A10227,5649681,0.049986235
A10227,5649842,0.038590719
A10227,5650050,0.023061606000000002
A10227,5650512,0.218925075
A10227,5650560,0.036234602000000005
A10227,5650580,0.0555061
A10229,5649847,0.030320592
A10229,5649897,0.069781044
A10229,5649908,0.011361161000000002
A10230,5649842,0.093457506
A10230,5650465,0.09315792199999999
A10230,5650512,0.158503321
A10231,5649585,0.004489216
A10231,5649897,0.080171132
A10231,5650724,0.004531184000000001
A10232,5649897,0.052807912
A10232,5650057,0.03321154
A10232,5650465,0.039788009
A10232,5650470,0.016122392
A10232,5650706,0.078402503
A10234,5649847,0.057497902000000004
A10234,5650560,0.02289187
A10234,5650726,0.076651813
A10235,5649585,0.039027211
A10235,5649897,0.11879843300000001
A10235,5650057,0.027786285
A10235,5650457,0.08918427
A10235,5650558,0.053964677
A10235,5650706,0.10327947400000001
A10235,5650726,0.07081745
A10236,5649611,0.021933203999999998
A10236,5649681,0.021450135
A10236,5650560,0.01905121
A10238,5649897,0.037231232999999996
A10238,5650057,0.112931943
A10238,5650706,0.077802277
A10238,5650726,0.07858683799999999
A10240,5650057,0.023516024
A10240,5650453,0.020579801
A10240,5650558,0.0037934859999999996
A10240,5650726,0.028099357000000002
A10242,5649847,0.002252102
A10242,5649897,0.015435516000000002
A10242,5650465,0.023175557000000003
A10245,5649585,0.005320968000000001
A10245,5650057,0.07330805900000001
A10245,5650453,0.043810422
A10245,5650558,0.09339902
A10245,5650706,0.016700061999999998
A10246,5649910,0.006828758000000001
A10246,5650057,0.012230577
A10246,5650453,0.047479872
A10246,5650489,0.029472928
A10246,5650516,0.005695428000000001
A10246,5650558,0.267957038
A10246,5650670,0.006519090999999999
A10248,5649910,0.006134547
A10248,5650057,0.047404838
A10248,5650453,0.05168432
A10248,5650516,0.011028478000000001
A10248,5650558,0.010190451
A10248,5650670,0.037198245
A10248,5650706,0.012864536999999999
A10249,5649681,0.080017332
A10249,5649921,0.043312425
A10249,5650560,0.018379639
A10250,5650057,0.016724155
A10250,5650453,0.036522901
A10250,5650489,0.0359031
A10250,5650516,0.008578728
A10250,5650558,0.025599727000000003
A10250,5650670,0.021690875
A10250,5650706,0.032853066
A10251,5650057,0.020879028
A10251,5650706,0.045073657999999996
A10251,5650724,0.116931546
A10252,5649681,0.250963513
A10252,5649847,0.030996249
A10252,5650518,0.013790818
A10252,5650560,0.014582063999999999
A10253,5650057,0.014945516
A10253,5650453,0.065918083
A10253,5650489,0.022760347
A10253,5650516,0.010157676
A10253,5650670,0.003529301
A10253,5650706,0.036303149
A10254,5649565,0.017627997
A10254,5650057,0.019215281
A10254,5650453,0.078762427
A10254,5650558,0.081167381
A10254,5650670,0.019226475
A10254,5650706,0.042078314000000006
A10254,5650726,0.002610293
A10255,5650057,0.035331081
A10255,5650453,0.09158197300000001
A10255,5650489,0.003747205
A10255,5650516,0.005892255999999999
A10255,5650558,0.045112525
A10255,5650592,0.004676438
A10255,5650670,0.007554336
A10256,5649910,0.001050828
A10256,5650057,0.01500366
A10256,5650453,0.158214486
A10256,5650489,0.009717578000000001
A10256,5650670,0.011077696000000001
A10257,5649847,0.044630961
A10257,5649897,0.042550204
A10257,5650057,0.007290501
A10257,5650560,0.005340023
A10257,5650726,0.045099002
A10258,5649897,0.119010054
A10258,5649910,0.028399617000000002
A10258,5650057,0.023546513999999998
A10258,5650453,0.020729948999999998
A10258,5650489,0.062212360999999994
A10258,5650516,0.013100243000000001
A10258,5650558,0.04980375
A10258,5650670,0.014584588
A10260,5649681,0.027414347000000002
A10260,5649842,0.035980369
A10260,5649921,0.012300531000000002
A10260,5650457,0.051028595999999996
A10260,5650465,0.098943992
A10260,5650580,0.076757861
A10262,5649681,0.244551596
A10262,5649842,0.017633121
A10262,5649935,0.012600341999999999
A10262,5650423,0.257513283
A10263,5649681,0.242500059
A10263,5650529,0.22939034
A10263,5650580,0.226780365
A10264,5649897,0.079551331
A10264,5650057,0.01823505
A10264,5650453,0.012545401999999999
A10264,5650516,0.016302752
A10264,5650558,0.045481265
A10264,5650670,0.016367475
A10264,5650726,0.034704677999999996
A10265,5649842,0.27680662699999997
A10265,5649921,0.056743008
A10265,5650465,0.027962972000000003
A10266,5649897,0.023732102999999997
A10266,5649910,0.031757999
A10266,5650057,0.006980798000000001
A10266,5650453,0.009976792
A10266,5650516,0.033669579
A10266,5650706,0.055587947
A10267,5649897,0.030869153
A10267,5650518,0.045086166
A10267,5650726,0.033598002
A10268,5649625,0.012416998
A10268,5650057,0.019491683
A10268,5650453,0.009783254
A10268,5650489,0.00717002
A10268,5650516,0.018735421999999998
A10268,5650592,0.011817781999999999
A10268,5650670,0.008919765
A10269,5649625,0.004988851
A10269,5649857,0.042813261
A10269,5650057,0.012167182
A10269,5650453,0.020323382
A10269,5650516,0.036019501
A10269,5650670,0.003141299
A10271,5650057,0.025531789
A10271,5650453,0.006912703
A10271,5650489,0.007684288
A10271,5650516,0.016775268
A10271,5650558,0.075595575
A10271,5650670,0.006967473
A10271,5650706,0.046705120999999995
A10272,5649842,0.006563276999999999
A10272,5650518,0.027381423999999998
A10272,5650560,0.07366228799999999
A10273,5649908,0.04644171
A10273,5650518,0.017410988
A10273,5650560,0.007452094
A10274,5649910,0.007021026999999999
A10274,5650057,0.012479915
A10274,5650453,0.034610609
A10274,5650489,0.042568040999999994
A10274,5650516,0.012479433
A10274,5650558,0.024838236
A10274,5650670,0.009359075
A10276,5649910,0.010144243
A10276,5650057,0.05876030000000001
A10276,5650453,0.042874455
A10276,5650489,0.057998355999999994
A10276,5650516,0.0056963809999999995
A10276,5650558,0.024412807999999998
A10277,5650057,0.010148789
A10277,5650453,0.00818282
A10277,5650516,0.045689013
A10277,5650558,0.080771227
A10277,5650670,0.037460732000000004
A10278,5649585,0.01882797
A10278,5649897,0.145958423
A10278,5650057,0.061504700999999995
A10278,5650706,0.009080483
A10278,5650726,0.031864251
A10279,5649585,0.043591699000000005
A10279,5649908,0.010175436
A10279,5650057,0.02312685
A10279,5650706,0.049857873
A10280,5649910,0.027807152999999998
A10280,5650057,0.017050331999999998
A10280,5650453,0.049233325999999994
A10280,5650489,0.04633236599999999
A10280,5650516,0.013149761000000001
A10280,5650558,0.027313824
A10280,5650670,0.014254158000000001
A10281,5649908,0.113941648
A10281,5650057,0.028285611000000002
A10281,5650457,0.069149925
A10281,5650726,0.044700577000000005
A10282,5649585,0.012173248000000001
A10282,5649897,0.034156196
A10282,5650057,0.032300331
A10282,5650706,0.066591185
A10282,5650724,0.02571452
A10283,5649908,0.034760236
A10283,5650706,0.069618196
A10283,5650724,0.008994317
A10283,5650726,0.04874484
A10285,5649585,0.009189385
A10285,5649908,0.012483592
A10285,5650518,0.108917439
A10285,5650706,0.085349939
A10286,5649857,0.036757117
A10286,5650057,0.016539468999999998
A10286,5650453,0.011808217
A10286,5650516,0.046278770999999996
A10286,5650558,0.044311992
A10286,5650592,0.010633372
A10286,5650670,0.019536525
A10287,5649910,0.082600299
A10287,5650057,0.015399838
A10287,5650453,0.048295392
A10287,5650516,0.044258248
A10289,5649910,0.06988871299999999
A10289,5650057,0.024779415
A10289,5650453,0.028102056
A10289,5650516,0.017684955
A10289,5650558,0.057547352
A10289,5650706,0.090027565
A10290,5649897,0.071826768
A10290,5650057,0.010309916
A10290,5650453,0.01026128
A10290,5650489,0.017116183
A10290,5650516,0.043952886
A10290,5650558,0.030432235
A10290,5650670,0.018033682
A10291,5649897,0.084915393
A10291,5649908,0.0052777219999999994
A10291,5650057,0.083744207
A10291,5650457,0.135608068
A10291,5650706,0.09698249099999999
A10291,5650726,0.003006815
A10292,5649585,0.010317575
A10292,5649897,0.012533665
A10292,5649908,0.050005535999999996
A10292,5650706,0.081420483
A10292,5650726,0.010650361
A10294,5649897,0.042751921
A10294,5650057,0.013530757
A10294,5650518,0.006038488000000001
A10294,5650560,0.004647167
A10294,5650726,0.012250434
A10295,5649935,0.010631624
A10295,5650479,0.014893871999999999
A10295,5650580,0.016887082
A10297,5650057,0.029799865
A10297,5650453,0.019275998
A10297,5650516,0.08529641800000001
A10297,5650670,0.006562173
A10297,5650706,0.038858965
A10297,5650726,0.014764388
A10301,5649625,0.008960714
A10301,5649910,0.009764088
A10301,5650057,0.052851293
A10301,5650489,0.046800176
A10301,5650516,0.016329964
A10301,5650670,0.040267241
A10302,5649625,0.009763565
A10302,5649910,0.037701097
A10302,5650057,0.019064168
A10302,5650453,0.049865217999999996
A10302,5650489,0.054039792
A10302,5650516,0.048530897
A10302,5650558,0.041034632
A10302,5650670,0.012936011
A10304,5649897,0.013697288
A10304,5650057,0.011284668999999999
A10304,5650453,0.080800257
A10304,5650470,0.005872041999999999
A10304,5650516,0.046925443
A10306,5650057,0.016106347
A10306,5650453,0.025006558999999998
A10306,5650516,0.012506435
A10306,5650558,0.045679247
A10306,5650670,0.035220323
A10307,5649842,0.016831482
A10307,5649908,0.014872708
A10307,5649921,0.000570973
A10307,5650537,0.017705124
A10307,5650560,0.0056023240000000005
A10308,5649897,0.013507778
A10308,5649908,0.029154882000000003
A10308,5650457,0.004983888
A10308,5650518,0.025240201
A10308,5650560,0.060958562
A10309,5649910,0.01229578
A10309,5650057,0.006788751
A10309,5650453,0.008490794
A10309,5650489,0.005572269
A10309,5650558,0.924847862
A10309,5650670,0.004932894
A10309,5650706,0.032268346
A10310,5649897,0.026756084
A10310,5650057,0.019275012
A10310,5650453,0.01665437
A10310,5650558,0.06018331
A10310,5650670,0.0037594020000000002
A10310,5650726,0.007825188
A10311,5649908,0.036596391
A10311,5650457,0.005542986
A10311,5650465,0.027039993
A10311,5650518,0.013466271
A10311,5650726,0.031719027000000004
A10312,5649908,0.039101052000000004
A10312,5650457,0.030292852000000002
A10312,5650465,0.049092347
A10312,5650518,0.006970151999999999
A10312,5650560,0.047690000999999996
A10312,5650726,0.004087739
A10314,5649897,0.088067809
A10314,5650057,0.016643441000000002
A10314,5650558,0.027442956
A10314,5650726,0.008646175
A10315,5649897,0.11896431
A10315,5649910,0.018792974
A10315,5650057,0.010395676999999999
A10315,5650453,0.010355508000000001
A10315,5650558,0.047309275
A10315,5650726,0.040503457
A10316,5649565,0.076589822
A10316,5649910,0.011054774
A10316,5650453,0.006422439
A10316,5650516,0.006321544
A10316,5650670,0.003808795
A10317,5649897,0.056928084000000004
A10317,5650057,0.027461906
A10317,5650453,0.058765462000000004
A10317,5650516,0.008024684
A10317,5650558,0.072685162
A10317,5650670,0.006643967
A10317,5650706,0.028605345
A10318,5649908,0.007750199
A10318,5650057,0.0075021919999999995
A10318,5650518,0.036189507999999995
A10318,5650724,0.025056007999999998
A10318,5650726,0.004101832
A10319,5650457,0.046772234
A10319,5650518,0.012428148
A10319,5650560,0.01223125
A10320,5649897,0.061172797
A10320,5650057,0.00800412
A10320,5650453,0.012144908000000001
A10320,5650516,0.008865870999999999
A10320,5650670,0.026489277000000002
A10320,5650706,0.028053871
A10321,5649842,0.006007879
A10321,5649897,0.014536115
A10321,5649908,0.06523277200000001
A10321,5650057,0.023833692000000004
A10321,5650457,0.034931265
A10322,5649908,0.034428037
A10322,5650457,0.008485956
A10322,5650518,0.030384685
A10322,5650560,0.037297137
A10322,5650726,0.006900936999999999
A10323,5649897,0.016236268
A10323,5650057,0.022473785
A10323,5650453,0.038048304
A10323,5650560,0.015095693
A10323,5650706,0.050196969
A10323,5650726,0.051054458
A10324,5649625,0.024195516
A10324,5649910,0.028530297000000003
A10324,5650057,0.014233518
A10324,5650453,0.030793841000000002
A10324,5650516,0.039567801
A10324,5650558,0.038087452
A10324,5650670,0.009534401999999999
A10325,5649625,0.020273588999999998
A10325,5649910,0.0049899490000000005
A10325,5650057,0.012120946
A10325,5650453,0.013824738
A10325,5650489,0.037032955
A10325,5650516,0.017173716999999998
A10326,5650057,0.017327062
A10326,5650453,0.057283704000000005
A10326,5650489,0.022740211
A10326,5650516,0.007766894
A10326,5650558,0.027326084
A10327,5649897,0.037975248999999996
A10327,5649908,0.025718437
A10327,5650465,0.021633382000000003
A10327,5650518,0.015400111999999999
A10327,5650726,0.009230887
A10329,5649897,0.011584591000000002
A10329,5649908,0.040670882
A10329,5650465,0.0035820820000000003
A10329,5650518,0.013262883999999999
A10329,5650560,0.033590847
A10329,5650706,0.036004767
A10329,5650726,0.001832112
A10330,5650057,0.00762014
A10330,5650453,0.00557549
A10330,5650516,0.030306011
A10330,5650558,0.009681581
A10330,5650706,0.017064222
A10331,5649897,0.005440812
A10331,5649908,0.03262613
A10331,5650457,0.065855786
A10331,5650518,0.022587323
A10331,5650560,0.130390236
A10331,5650706,0.028166271
A10331,5650726,0.004059030999999999
A10333,5649908,0.037115642000000004
A10333,5650057,0.017509636000000002
A10333,5650724,0.008198581
A10334,5649897,0.02019704
A10334,5649908,0.070602397
A10334,5650057,0.011941335
A10334,5650457,0.091324381
A10334,5650518,0.00829385
A10334,5650706,0.049332324000000004
A10334,5650726,0.048779975
A10335,5649908,0.032015449
A10335,5650057,0.008428301
A10335,5650457,0.004734062
A10335,5650560,0.007792800999999999
A10336,5650057,0.023319961
A10336,5650453,0.018074951000000002
A10336,5650489,0.031432689
A10336,5650516,0.044304653
A10336,5650726,0.028951955
A10337,5650057,0.010880674
A10337,5650453,0.043898581
A10337,5650706,0.029466451
A10339,5649611,0.014017854
A10339,5650465,0.10073811199999999
A10339,5650512,0.035264397999999995
A10341,5649897,0.09456243
A10341,5649908,0.027999635
A10341,5650057,0.015069208
A10341,5650457,0.038039696
A10341,5650518,0.010841433000000001
A10341,5650726,0.0075127530000000005
A10344,5649897,0.10025469
A10344,5649908,0.011003047
A10344,5650057,0.014851721000000002
A10344,5650558,0.040905237000000004
A10344,5650726,0.006994069
A10345,5649910,0.008762456
A10345,5650057,0.018968326
A10345,5650453,0.043810111
A10345,5650489,0.008638455
A10345,5650516,0.031296412
A10345,5650558,0.114721259
A10345,5650670,0.004169235
A10346,5649897,0.002498363
A10346,5649908,0.052570797
A10346,5650560,0.053073601
A10347,5649897,0.846226787
A10347,5649908,0.006395709
A10347,5650057,0.005161132
A10347,5650726,0.006583685
A10348,5649908,0.031290816
A10348,5650518,0.010483258
A10348,5650560,0.026943118
A10349,5649897,0.079052561
A10349,5649908,0.03100616
A10349,5650057,0.018478258
A10349,5650706,0.09131217300000001
A10349,5650726,0.010264011
A10350,5649897,0.022678927
A10350,5650057,0.012813892
A10350,5650453,0.013507521000000001
A10350,5650516,0.050323325999999995
A10350,5650726,0.058462319000000006
A10351,5649908,0.07103409599999999
A10351,5650057,0.008960848
A10351,5650457,0.005689721
A10351,5650518,0.010104684000000001
A10351,5650558,0.04163371
A10351,5650706,0.037025946000000004
A10351,5650726,0.02529047
A10352,5649910,0.03908696
A10352,5650057,0.011610973
A10352,5650516,0.009192085
A10352,5650558,0.062321739
A10352,5650670,0.013192103
A10353,5649897,0.019572993
A10353,5650057,0.03954632
A10353,5650470,0.018851925
A10353,5650558,0.052569157000000005
A10353,5650726,0.057587121
A10354,5649897,0.082562623
A10354,5650057,0.005193675
A10354,5650453,0.011729721
A10354,5650516,0.008909089
A10354,5650670,0.0039360129999999995
A10354,5650726,0.011392372
A10355,5649908,0.009954625
A10355,5650057,0.011242102
A10355,5650726,0.00093131
A10356,5649897,0.057060874000000004
A10356,5650057,0.024760765
A10356,5650470,0.007262928
A10358,5649585,0.01132134
A10358,5649897,0.022552977000000002
A10358,5650518,0.012313058
A10359,5649908,0.019461943
A10359,5650057,0.015053035
A10359,5650558,0.043006577000000004
A10359,5650706,0.029670411
A10359,5650726,0.040715951
A10361,5649842,0.031464753
A10361,5650457,0.021262609
A10361,5650465,0.015475991000000001
A10361,5650510,0.009349072
A10361,5650560,0.12328553199999999
A10362,5650057,0.007888785
A10362,5650453,0.035934986
A10362,5650516,0.008305618
A10362,5650558,0.075010573
A10362,5650670,0.003828595
A10362,5650706,0.014069975
A10363,5649908,0.019418732
A10363,5650465,0.026538403
A10363,5650518,0.013824266000000002
A10363,5650560,0.008737146
A10363,5650726,0.018916488999999998
A10364,5649908,0.025094545
A10364,5650057,0.014583887
A10364,5650465,0.011913192
A10364,5650518,0.058325269000000006
A10364,5650558,0.04284468
A10364,5650706,0.044994025
A10366,5649910,0.040802766000000004
A10366,5650057,0.012159115
A10366,5650453,0.048096467999999996
A10366,5650516,0.030474509
A10366,5650670,0.005206698
A10367,5649565,0.09835469699999999
A10367,5649910,0.002912534
A10367,5650057,0.010151186999999999
A10367,5650453,0.036136761
A10367,5650516,0.005469538
A10367,5650558,0.00553567
A10367,5650670,0.006029176999999999
A10367,5650706,0.00580072
A10369,5649897,0.063244489
A10369,5650057,0.009110471
A10369,5650453,0.017319133
A10369,5650558,0.003900641
A10369,5650670,0.009962795
A10369,5650726,0.012275577
A10370,5649908,0.005473269
A10370,5650057,0.013608868
A10370,5650518,0.004827769
A10371,5649585,0.013496588
A10371,5649908,0.016099191000000002
A10371,5650457,0.050897927
A10371,5650465,0.022906155
A10371,5650518,0.00720508
A10372,5649910,0.020308642
A10372,5650057,0.011982402
A10372,5650489,0.030371875
A10372,5650516,0.024575157
A10372,5650558,0.03967724
A10372,5650670,0.0063955109999999996
A10372,5650726,0.034840327000000004
A10373,5649646,0.011508259
A10373,5649908,0.018717846
A10373,5650057,0.019696052
A10373,5650470,0.029155578999999997
A10373,5650726,0.04648545
A10375,5649842,0.035534118999999996
A10375,5649897,0.066699307
A10375,5649908,0.009440743
A10375,5650057,0.009971674
A10375,5650518,0.051471177
A10376,5649908,0.00503139
A10376,5650057,0.071779615
A10376,5650560,0.02549248
A10376,5650726,0.057275259
A10377,5649897,0.059281207999999995
A10377,5650057,0.014310891999999999
A10377,5650518,0.008913863000000001
A10378,5649897,0.202890259
A10378,5649908,0.016403006
A10378,5650465,0.070709519
A10378,5650510,0.010773881
A10378,5650518,0.006541604
A10380,5649681,0.033312033
A10380,5650423,0.013578856
A10380,5650512,0.127271444
A10381,5650057,0.010275999000000001
A10381,5650453,0.004872393
A10381,5650558,0.04999471900000001
A10381,5650670,0.005060089
A10381,5650726,0.066772951
A10382,5649910,0.036350715
A10382,5650057,0.008943656999999999
A10382,5650453,0.018477824
A10382,5650489,0.005561124000000001
A10382,5650516,0.045466571
A10382,5650670,0.009795673000000001
A10383,5649842,0.038987838
A10383,5649908,0.017539161
A10383,5650465,0.10002960400000001
A10383,5650518,0.041764475
A10384,5649625,0.020893102
A10384,5650057,0.012814836000000001
A10384,5650453,0.02124073
A10384,5650489,0.027102645
A10384,5650516,0.018773041
A10384,5650592,0.009355643
A10384,5650670,0.011281123
A10385,5649897,0.007984799
A10385,5649908,0.013841385
A10385,5650057,0.020785563
A10385,5650453,0.026761601
A10385,5650470,0.022309037
A10385,5650706,0.025799909
A10385,5650726,0.016892492
A10387,5649897,0.03273515
A10387,5650057,0.008977661999999999
A10387,5650453,0.095193739
A10387,5650470,0.0073633119999999995
A10387,5650516,0.013201319
A10387,5650558,0.047933782
A10387,5650670,0.00779387
A10389,5649585,0.012986481000000001
A10389,5649646,0.040811404
A10389,5649842,0.020465766
A10389,5649897,0.141752661
A10389,5649921,0.01337144
A10389,5650518,0.009971314
A10391,5649842,0.039898902
A10391,5649897,0.083257586
A10391,5650057,0.007404065
A10391,5650470,0.003916187
A10391,5650558,0.030072315
A10391,5650724,0.008588675
A10393,5649585,0.01291809
A10393,5649921,0.013301048999999999
A10393,5650465,0.020013783
A10393,5650518,0.012756676000000002
A10393,5650560,0.007707383000000001
A10393,5650726,0.0479277
A10394,5650057,0.028466691000000002
A10394,5650453,0.025100331
A10394,5650558,0.003719615
A10394,5650726,0.010987545
A10395,5649897,0.034019068
A10395,5649908,0.042875912
A10395,5650465,0.101620937
A10395,5650518,0.066205757
A10396,5649585,0.006770155999999999
A10396,5649842,0.056143845
A10396,5649921,0.006972173000000001
A10396,5650465,0.011330505
A10396,5650518,0.038350111
A10396,5650560,0.031707902999999996
A10397,5650057,0.012325144
A10397,5650453,0.033601637999999996
A10397,5650489,0.006713076
A10397,5650516,0.011395727
A10397,5650558,0.008087635
A10397,5650670,0.010308776
A10398,5649908,0.032696835
A10398,5650057,0.051613871
A10398,5650465,0.027353189
A10398,5650560,0.009056451
A10398,5650726,0.045017137
A10400,5649842,0.053667861
A10400,5649921,0.0016440110000000001
A10400,5650050,0.028687754
A10400,5650465,0.107137068
A10400,5650560,0.03192656
A10404,5649585,0.003758069
A10404,5650465,0.074769498
A10404,5650560,0.034110648
A10404,5650706,0.034378273
A10404,5650724,0.003758415
A10404,5650726,0.026526024
A10405,5649585,0.007226349
A10405,5649646,0.040717703
A10405,5650057,0.017891738
A10405,5650470,0.014432628000000001
A10405,5650706,0.029067274
A10405,5650726,0.06268765
A10407,5649921,0.006629660999999999
A10407,5650510,0.08504003
A10407,5650560,0.003032322
A10408,5649585,0.0048642170000000005
A10408,5649842,0.12561966800000002
A10408,5649921,0.006447145
A10408,5650465,0.124279685
A10408,5650510,0.012122974
A10408,5650560,0.003000649
A10409,5649565,0.003407565
A10409,5650057,0.010523601
A10409,5650516,0.012706386
A10409,5650670,0.038063079
A10409,5650726,0.0050644259999999995
A10410,5649585,0.00678074
A10410,5649921,0.008981603000000001
A10410,5650518,0.036563877
A10410,5650560,0.069487609
A10412,5649625,0.006717558
A10412,5649857,0.046159890999999995
A10412,5650057,0.011312553000000001
A10412,5650453,0.007770781
A10412,5650558,0.003335295
A10412,5650592,0.008648558
A10412,5650670,0.0074982830000000006
A10413,5649921,0.015236386000000001
A10413,5650457,0.073445496
A10413,5650465,0.055173262
A10414,5649585,0.027266019
A10414,5649921,0.027957711
A10414,5650057,0.008087336
A10414,5650470,0.0078068880000000005
A10414,5650560,0.027924376
A10414,5650726,0.027627321
A10417,5649585,0.001105443
A10417,5649908,0.01785079
A10417,5650465,0.012551883
A10417,5650560,0.024158192000000002
A10418,5649611,0.005524058
A10418,5650465,0.040722928
A10418,5650560,0.012336729
A10419,5649897,0.050337174000000005
A10419,5650057,0.013820695
A10419,5650470,0.022598952999999998
A10419,5650560,0.008729146
A10420,5649611,0.004460099
A10420,5649921,0.007470307
A10420,5650465,0.031824264
A10420,5650512,0.017615706999999998
A10422,5649681,0.040854527
A10422,5649921,0.011674171
A10422,5650560,0.051547416
A10423,5649585,0.04024976
A10423,5649897,0.012112011
A10423,5649921,0.041408282000000005
A10423,5650465,0.013928863
A10423,5650560,0.006952235
A10423,5650726,0.064766706
A10424,5650465,0.038192514
A10424,5650560,0.01315765
A10424,5650724,0.06468262799999999
A10426,5649585,0.014495012
A10426,5649897,0.057827524000000005
A10426,5650465,0.072854566
A10426,5650560,0.005225088
A10426,5650724,0.003801287
A10426,5650726,0.003901644
A10427,5649842,0.099876804
A10427,5650512,0.127380427
A10427,5650580,0.027181527
A10428,5649585,0.044652935
A10428,5649897,0.061923621
A10428,5650057,0.031549265
A10428,5650558,0.036328558999999996
A10428,5650560,0.008726475
A10429,5649585,0.004542469
A10429,5649646,0.02414252
A10429,5649897,0.008238176
A10429,5649908,0.0052720430000000006
A10429,5650465,0.045513635999999996
A10429,5650560,0.047757707999999996
A10429,5650726,0.024405644
A10430,5649585,0.026932122000000003
A10430,5649897,0.075016364
A10430,5649921,0.020803097
A10430,5650465,0.12434726800000001
A10431,5649585,0.018679606
A10431,5649897,0.06898345
A10431,5650057,0.014724966
A10431,5650560,0.009012411
A10431,5650706,0.050954488
A10432,5649611,0.00519882
A10432,5649842,0.001214035
A10432,5649921,0.000690701
A10432,5650560,0.043447982
A10434,5649681,0.011097743
A10434,5649842,0.014913476
A10434,5649921,0.001080756
A10434,5650560,0.0030729790000000004
A10435,5649681,0.084076574
A10435,5649935,0.008195876
A10435,5650465,0.034021997000000005
A10436,5649842,0.030171476000000003
A10436,5649897,0.039061978
A10436,5649908,0.08526998599999999
A10436,5650465,0.039534196
A10436,5650560,0.0034453409999999998
A10438,5650465,0.008519696
A10438,5650558,0.038831752000000004
A10438,5650726,0.007477086
A10439,5650057,0.013193963999999999
A10439,5650465,0.020632135
A10439,5650560,0.005370181999999999
A10439,5650726,0.007019933000000001
A10441,5650057,0.047977037
A10441,5650465,0.045446331
A10441,5650560,0.024324097000000003
A10443,5649585,0.012709173
A10443,5649897,0.0536355
A10443,5650057,0.010024594
A10443,5650465,0.0064744469999999995
A10443,5650470,0.0052551709999999995
A10443,5650706,0.003894634
A10443,5650726,0.024730301
A10444,5649585,0.0076025680000000005
A10444,5649897,0.010264981999999999
A10444,5650057,0.004074955999999999
A10444,5650465,0.019181619
A10444,5650560,0.0032754620000000003
A10446,5649842,0.031907622999999996
A10446,5649908,0.079221381
A10446,5650465,0.074782794
A10446,5650560,0.026102423
A10447,5649681,0.113796866
A10447,5650465,0.13544404599999998
A10447,5650512,0.116593053
A10448,5649842,0.018141412
A10448,5649908,0.015624546999999999
A10448,5650465,0.028769727999999998
A10448,5650518,0.010702023
A10448,5650560,0.015561761
A10449,5649585,0.029860143999999998
A10449,5649921,0.030615531
A10449,5650457,0.048956334000000004
A10449,5650465,0.008779905
A10449,5650560,0.038076597999999996
A10450,5649585,0.002233476
A10450,5649897,0.036584705
A10450,5649921,0.006337964000000001
A10450,5650560,0.037989673
A10451,5649910,0.002848947
A10451,5650057,0.013311986000000001
A10451,5650453,0.007430255
A10451,5650489,0.028944433999999998
A10451,5650516,0.036703312
A10451,5650558,0.028858057000000003
A10451,5650670,0.016469625
A10452,5649842,0.124303605
A10452,5649897,0.032968263
A10452,5649908,0.057557462000000004
A10452,5650465,0.010456041999999999
A10452,5650560,0.024523655
A10453,5649681,0.032325882
A10453,5649842,0.012781886999999999
A10453,5649935,0.008843579
A10454,5649842,0.010224111999999999
A10454,5649908,0.007816316
A10454,5650465,0.013453807
A10455,5649897,0.035257104
A10455,5650457,0.0070300119999999995
A10455,5650465,0.007968381
A10455,5650726,0.027022411
A10456,5650057,0.009225304
A10456,5650465,0.01210489
A10456,5650470,0.005626809
A10456,5650560,0.004668078
A10456,5650726,0.02839409
A10457,5649908,0.0037909940000000002
A10457,5650457,0.033345393
A10457,5650465,0.007516098000000001
A10457,5650560,0.008312357
A10458,5649842,0.000765552
A10458,5649908,0.002741145
A10458,5650457,0.015439949
A10458,5650465,0.016047383999999998
A10459,5649842,0.020201221999999998
A10459,5649897,0.024219473999999998
A10459,5650057,0.009673309
A10459,5650465,0.028808561
A10459,5650560,0.010014126
A10459,5650706,0.026699241000000002
A10459,5650726,0.019602294
A10460,5649585,0.002390625
A10460,5649897,0.283798493
A10460,5649921,0.002452895
A10460,5650465,0.008637899999999999
A10460,5650726,0.038553223
A10461,5649842,0.08084839
A10461,5649908,0.07137916700000001
A10461,5650465,0.033136747
A10461,5650560,0.044082502999999995
A10462,5649842,0.064904932
A10462,5650465,0.052032784000000006
A10462,5650580,0.006144246
A10463,5649842,0.014520865
A10463,5649908,0.016298462
A10463,5650457,0.007689569
A10463,5650465,0.032539833
A10463,5650560,0.004310994
A10470,5649681,0.02222188
A10470,5649935,0.014140805
A10470,5650529,0.06860084
A10472,5649611,0.041619323
A10472,5649842,0.079565453
A10472,5649935,0.066087538
A10472,5650465,0.059066382
A10472,5650560,0.054578915
A10473,5649897,0.007070674
A10473,5649910,0.0067212090000000006
A10473,5650057,0.013079967
A10473,5650453,0.192486182
A10473,5650516,0.011379334
A10473,5650670,0.0066037859999999995
A10473,5650726,0.008248347
A10474,5649611,0.013067068000000001
A10474,5649842,0.009946244
A10474,5649935,0.054448118
A10474,5650580,0.030585206
A10475,5649585,0.004465378
A10475,5649921,0.004598947
A10475,5650457,0.0041893009999999994
A10475,5650465,0.005364471
A10475,5650560,0.011937125
A10475,5650726,0.043667545
A10476,5649897,0.01689178
A10476,5650057,0.015831768
A10476,5650453,0.005185015
A10476,5650516,0.027308967000000003
A10476,5650558,0.023065844
A10476,5650670,0.022954287
A10479,5649842,0.009310245
A10479,5649935,0.009669245
A10479,5650560,0.09266354
A10480,5649842,0.012485603999999999
A10480,5649897,0.060211951
A10480,5649908,0.034880207999999996
A10480,5650560,0.004224658
A10482,5649585,0.006620956
A10482,5649908,0.0035566779999999997
A10482,5649921,0.006818553000000001
A10482,5650457,0.007632646
A10482,5650465,0.058623910999999994
A10482,5650560,0.00409591
A10483,5649897,0.052643166
A10483,5650057,0.016371074
A10483,5650465,0.042131235999999996
A10483,5650706,0.032018468
A10483,5650726,0.026739446
A10484,5649842,0.02715843
A10484,5650465,0.021032067
A10484,5650494,0.015808222
A10485,5649842,0.007145787
A10485,5650465,0.105229161
A10485,5650518,0.011707361000000001
A10486,5649842,0.085526461
A10486,5649908,0.003833978
A10486,5650465,0.0296137
A10486,5650560,0.005168184
A10487,5649585,0.001536801
A10487,5650465,0.05193874
A10487,5650560,0.004595426
A10491,5649611,0.003913149
A10491,5649847,0.0033010659999999996
A10491,5650457,0.00870971
A10491,5650465,0.036185386
A10491,5650494,0.0074606130000000005
A10491,5650560,0.0054064609999999996
A10495,5649611,0.039569159
A10495,5649842,0.008833101
A10495,5650560,0.011523314
A10497,5649897,0.0061781169999999995
A10497,5649908,0.011064268
A10497,5650465,0.006289891999999999
A10497,5650518,0.007918419
A10497,5650529,0.005217389
A10497,5650560,0.005226407
A10499,5649611,0.009963554
A10499,5649842,0.04724458
A10499,5649935,0.004459532
A10499,5650423,0.01645858
A10499,5650560,0.005690498
A10499,5650580,0.018247146000000002
A10500,5649585,0.006445298
A10500,5649908,0.013408168
A10500,5649935,0.004019257
A10500,5650457,0.018201704
A10500,5650465,0.043024075999999994
A10501,5649847,0.029161798
A10501,5649935,0.001686125
A10501,5650465,0.050598734000000006
A10501,5650560,0.007348632
A10503,5649585,0.001604294
A10503,5649897,0.064024144
A10503,5650465,0.049903105999999996
A10503,5650518,0.005636109
A10503,5650724,0.003340575
A10506,5649842,0.001085185
A10506,5650510,0.043318665
A10506,5650512,0.051331969000000005
A10507,5649897,0.146796278
A10507,5649908,0.00546233
A10507,5650465,0.008773669
A10507,5650724,0.00428435
A10508,5649842,0.047091677
A10508,5649847,0.021521086000000002
A10508,5649908,0.010933999
A10508,5650457,0.037845317999999996
A10508,5650465,0.041818324
A10508,5650518,0.007904127
A10508,5650560,0.0075215230000000004
A10509,5649611,0.012277093000000001
A10509,5649847,0.048524395
A10509,5650423,0.009120109
A10509,5650465,0.016118536
A10509,5650560,0.045667583
A10510,5649585,0.00761365
A10510,5649897,0.06584958
A10510,5650465,0.027382421
A10510,5650724,0.005252077
A10511,5649625,0.016979861000000002
A10511,5649910,0.018739445
A10511,5650057,0.013469485
A10511,5650453,0.007055088
A10511,5650489,0.018275947
A10511,5650516,0.025422773
A10511,5650558,0.022018497999999997
A10511,5650670,0.00246924
A10512,5649897,0.029441989
A10512,5650057,0.008206318
A10512,5650724,0.027436021
A10512,5650726,0.0029476
A10513,5649897,0.011693875
A10513,5650465,0.06137593
A10513,5650518,0.009316376999999999
A10513,5650726,0.023109281000000002
A10514,5650423,0.005738086999999999
A10514,5650457,0.035852372
A10514,5650518,0.003391098
A10514,5650560,0.00323448
A10515,5649897,0.01513202
A10515,5649908,0.004078803
A10515,5650057,0.049631915
A10515,5650558,0.0085515
A10515,5650706,0.009443611999999999
A10515,5650726,0.027288186000000002
A10516,5649847,0.023332402999999998
A10516,5650423,0.007415664000000001
A10516,5650494,0.096336025
A10516,5650580,0.013828945
A10517,5649823,0.004949185
A10517,5650423,0.030354541000000002
A10517,5650494,0.026460702000000003
A10518,5649847,0.004065425
A10518,5649908,0.0068426630000000006
A10518,5650465,0.049335015
A10518,5650560,0.008945721
A10519,5649847,0.05093972099999999
A10519,5649897,0.070265203
A10519,5650518,0.007212895
A10519,5650560,0.006836274
A10520,5649847,0.045196069000000005
A10520,5650423,0.019972103999999997
A10520,5650465,0.008642041
A10520,5650518,0.02825082
A10521,5649585,0.008527986999999999
A10521,5649847,0.040089772
A10521,5650423,0.01298941
A10521,5650457,0.006163295
A10523,5649842,0.042092946
A10523,5649847,0.0029125590000000003
A10523,5649935,0.037911787
A10523,5650423,0.006794865
A10523,5650465,0.059395237000000004
A10523,5650560,0.004172828
A10523,5650580,0.009640469
A10524,5649585,0.024105345
A10524,5649847,0.030361085
A10524,5649908,0.006501319
A10526,5650457,0.00489146
A10526,5650465,0.06997076
A10526,5650518,0.005031832
A10526,5650726,0.005150831
A10527,5649585,0.015140236000000001
A10527,5649908,0.012065458000000001
A10527,5650423,0.02974379
A10527,5650465,0.06820183099999999
A10527,5650518,0.010968509
A10528,5649842,0.035026638
A10528,5650423,0.004084954
A10528,5650465,0.047776349
A10528,5650560,0.0037149009999999996
A10529,5649847,0.016044119
A10529,5649908,0.07121602099999999
A10529,5650518,0.009043921
A10529,5650560,0.029690666
A10530,5650457,0.009609124
A10530,5650465,0.015485967
A10530,5650518,0.029631578
A10530,5650724,0.059083614000000007
A10530,5650726,0.0037808159999999998
A10531,5649908,0.009116237
A10531,5650457,0.011502231000000002
A10531,5650465,0.007312236999999999
A10531,5650724,0.003347652
A10532,5650465,0.043491387
A10532,5650560,0.008956401
A10532,5650580,0.031427362
A10534,5649842,0.041989633
A10534,5650465,0.048294319
A10534,5650494,0.014322733999999998
A10534,5650580,0.010036077
A10535,5649585,0.007776644
A10535,5649847,0.009332993000000001
A10535,5649897,0.011552092
A10535,5650465,0.108328655
A10535,5650518,0.009323183
A10537,5649585,0.0033063640000000004
A10537,5649847,0.027332071
A10537,5650457,0.022823526
A10537,5650465,0.00618016
A10539,5649611,0.010207288
A10539,5649842,0.018521063
A10539,5649847,0.019065919
A10539,5650465,0.030970492000000002
A10539,5650560,0.036296213
A10541,5649611,0.003437918
A10541,5649847,0.0036959159999999996
A10541,5650580,0.028624451000000002
A10542,5650057,0.0055472130000000005
A10542,5650453,0.045247224
A10542,5650516,0.003618942
A10542,5650558,0.0031155740000000003
A10542,5650706,0.003317542
A10542,5650724,0.007021828000000001
A10545,5649921,0.00145759
A10545,5649935,0.001578446
A10545,5650465,0.005237368
A10545,5650560,0.006875799
A10546,5649681,0.085952814
A10546,5650494,0.028331462
A10546,5650512,0.066598742
A10548,5649921,0.008978426999999999
A10548,5649935,0.01006614
A10548,5650580,0.01834168
A10549,5650057,0.009306976
A10549,5650453,0.008117365
A10549,5650516,0.005710184
A10549,5650670,0.010510763999999999
A10550,5650057,0.008018281
A10550,5650453,0.030107366
A10550,5650489,0.00385449
A10550,5650516,0.006926075
A10550,5650558,0.0024458179999999998
A10550,5650670,0.006377258
A10551,5649935,0.0017735020000000002
A10551,5650465,0.052075353
A10551,5650512,0.003090443
A10552,5649897,0.016454456
A10552,5650057,0.005373281
A10552,5650453,0.00695707
A10552,5650516,0.024091259
A10552,5650726,0.022864476
A10553,5649847,0.004507042
A10553,5650457,0.030956126
A10553,5650465,0.054463035
A10553,5650518,0.004961767
A10553,5650560,0.028183242
A10554,5649842,0.018909519
A10554,5649847,0.021626202999999997
A10554,5650580,0.011794628
A10555,5650465,0.04856960900000001
A10555,5650512,0.03282497
A10555,5650560,0.032607026000000004
A10555,5650580,0.014205974
A10556,5649611,0.007997113
A10556,5649842,0.005000871
A10556,5649847,0.048672442
A10556,5650465,0.050450863
A10556,5650560,0.006486546
A10557,5649842,0.049994777000000004
A10557,5649847,0.010129608
A10557,5649935,0.030794086000000002
A10557,5650465,0.028384923
A10557,5650560,0.005870799
A10558,5650057,0.008879074
A10558,5650453,0.05949109599999999
A10558,5650516,0.0036503240000000004
A10558,5650670,0.0028579309999999998
A10558,5650706,0.003239099
A10559,5649842,0.005559476
A10559,5649847,0.027612098999999998
A10559,5649908,0.002881382
A10559,5650518,0.045957744
A10559,5650560,0.029404525
A10561,5649842,0.05723165400000001
A10561,5649847,0.006422326
A10561,5649935,0.004316831
A10561,5650560,0.042491123
A10565,5649842,0.013414424
A10565,5650465,0.04631752099999999
A10565,5650518,0.00620057
A10567,5649842,0.0031590859999999998
A10567,5649908,0.041052075
A10567,5650518,0.005488842
A10567,5650560,0.034457112000000005
A10569,5649842,0.0054093019999999995
A10569,5649847,0.004826769
A10569,5650518,0.006092411999999999
A10570,5649842,0.013757647
A10570,5649847,0.014159237
A10570,5650050,0.023700511
A10570,5650560,0.0072708930000000005
A10572,5649847,0.010478134
A10572,5649908,0.0036747109999999998
A10572,5650560,0.010183579
A10572,5650726,0.005779332
A10573,5649842,0.006600036
A10573,5649935,0.02657549
A10573,5650465,0.035012439
A10574,5649935,0.02518172
A10574,5650512,0.021633574
A10574,5650560,0.053129929000000006
A10574,5650580,0.033911272
A10577,5649910,0.027738198
A10577,5650057,0.004891887
A10577,5650453,0.0064871040000000005
A10577,5650670,0.005265036999999999
A10578,5649585,0.003939912
A10578,5649842,0.124118773
A10578,5649847,0.031397787
A10578,5650518,0.008294069
A10578,5650560,0.005757491
A10581,5649842,0.045247309000000006
A10581,5649847,0.024003577999999998
A10581,5649908,0.028300256
A10581,5650457,0.030097442000000002
A10581,5650465,0.018748749
A10581,5650518,0.013765682
A10582,5649847,0.034400247
A10582,5649897,0.03792205
A10582,5650560,0.027397911
A10583,5649842,0.044460889
A10583,5649935,0.010776539
A10583,5650465,0.014900371
A10583,5650560,0.029158017999999997
A10583,5650580,0.030836205
A10585,5649681,0.052016159000000006
A10585,5649842,0.02701477
A10585,5650050,0.004458192
A10585,5650580,0.010336996999999999
A10586,5649681,0.18513412899999998
A10586,5650423,0.027859472000000003
A10586,5650512,0.08442514400000001
A10586,5650546,0.037040772
A10587,5649847,0.004469122
A10587,5650457,0.0039037570000000003
A10587,5650465,0.016947768000000002
A10587,5650560,0.003382209
A10587,5650580,0.00458214
A10591,5649681,0.028190321
A10591,5649842,0.0076812930000000005
A10591,5650494,0.036536646
A10592,5649681,0.071701576
A10592,5650512,0.014497486
A10592,5650560,0.028135775
A10594,5649842,0.00674328
A10594,5649847,0.013827362
A10594,5650518,0.003354068
A10594,5650560,0.003285865
A10595,5649908,0.005705831
A10595,5650057,0.00377218
A10595,5650558,0.002367221
A10595,5650726,0.002578611
A10596,5649842,0.012541527
A10596,5650465,0.03296263
A10596,5650580,0.012056168
A10597,5649611,0.040514483
A10597,5649842,0.010825793
A10597,5649847,0.003993027
A10597,5649908,0.0032874840000000002
A10597,5650465,0.003664428
A10597,5650580,0.03338285
A10598,5649842,0.031421031
A10598,5649847,0.025806985
A10598,5649908,0.0037822890000000003
A10598,5650457,0.029787837
A10598,5650465,0.004721947
A10598,5650560,0.003900735
A10599,5649908,0.005279909
A10599,5650057,0.010171116
A10599,5650453,0.012499728
A10599,5650516,0.009298315
A10599,5650558,0.007318219
A10599,5650726,0.003873277
A10602,5649611,0.005824361
A10602,5650457,0.050852989
A10602,5650560,0.003810941
A10604,5650057,0.011446075
A10604,5650453,0.011131087
A10604,5650558,0.0037700109999999998
A10604,5650670,0.00760867
A10605,5650423,0.007162779
A10605,5650494,0.034927587999999996
A10605,5650529,0.020501132
A10606,5650050,0.021802315
A10606,5650465,0.043663680999999996
A10606,5650560,0.0033205220000000002
A10607,5649611,0.002398646
A10607,5649842,0.026352375
A10607,5650050,0.0033867470000000003
A10607,5650423,0.031666528
A10608,5649823,0.0035255340000000003
A10608,5649935,0.013327068999999999
A10608,5650494,0.044389834
A10608,5650580,0.015000373999999999
A10612,5649611,0.003453023
A10612,5649935,0.0037866970000000003
A10612,5650465,0.0035763120000000003
A10612,5650560,0.025203492
A10613,5649935,0.006767052
A10613,5650465,0.050878633
A10613,5650494,0.051349262
A10613,5650529,0.035920277
A10617,5649842,0.00541908
A10617,5649935,0.028752196
A10617,5650423,0.0035651479999999998
A10617,5650494,0.044176307000000005
A10618,5649897,0.057496782
A10618,5649908,0.015832463
A10618,5650560,0.006764111999999999
A10620,5649935,0.003736024
A10620,5650494,0.040597625
A10620,5650560,0.025212198999999998
A10625,5649935,0.003719995
A10625,5650423,0.012620006000000001
A10625,5650529,0.028065477000000002
A10626,5650465,0.034249846
A10626,5650494,0.02844223
A10626,5650560,0.026892752000000002
A10627,5649935,0.012713235
A10627,5650423,0.025925031
A10627,5650465,0.041669627
A10627,5650494,0.014009593999999998
A10628,5649646,0.032904535
A10628,5650057,0.00999776
A10628,5650457,0.008670731999999999
A10628,5650706,0.002691372
A10628,5650726,0.002834715
A10630,5649611,0.006335621
A10630,5650706,0.025617485
A10630,5650724,0.018222949
A10630,5650726,0.008450504000000001
A10632,5649585,0.006912028000000001
A10632,5649611,0.0052817490000000005
A10632,5649897,0.00266643
A10632,5650494,0.025039672000000002
A10632,5650560,0.00485182
A10633,5649842,0.010837858999999998
A10633,5649935,0.00919854
A10633,5650465,0.035410722
A10633,5650560,0.044068086
A10634,5649842,0.003742077
A10634,5649935,0.013695664
A10634,5650560,0.0037203279999999997
A10637,5650423,0.031548776
A10637,5650529,0.01053278
A10637,5650560,0.032859163
A10638,5650423,0.007337731
A10638,5650529,0.025969038
A10638,5650560,0.007956128
A10639,5649842,0.007102231999999999
A10639,5650423,0.004646038
A10639,5650494,0.003614885
A10640,5649842,0.027938972000000003
A10640,5649935,0.027482949
A10640,5650423,0.004123354
A10640,5650494,0.020825723
A10642,5649611,0.008530643000000001
A10642,5649935,0.016424063
A10642,5650423,0.004227451
A10643,5649681,0.007824119000000001
A10643,5649842,0.018328163
A10643,5649935,0.005748561
A10643,5650580,0.032117674
A10645,5650057,0.005648109
A10645,5650558,0.006592656
A10645,5650724,0.003231083
A10646,5649646,0.005763317
A10646,5649897,0.006247086999999999
A10646,5650057,0.004608807
A10646,5650470,0.012419161000000001
A10646,5650558,0.002856785
A10646,5650706,0.004013959
A10646,5650726,0.012139156000000002
A10648,5650465,0.03324779
A10648,5650494,0.024278511000000003
A10648,5650560,0.0057530590000000005
A10650,5650457,0.009191287
A10650,5650465,0.015542188
A10650,5650494,0.034861698999999996
A10650,5650518,0.008420039
A10650,5650560,0.018030881999999998
A10651,5649935,0.003314761
A10651,5650465,0.01196087
A10651,5650494,0.0036232129999999997
A10652,5649842,0.031613195
A10652,5650494,0.005083976
A10652,5650512,0.033165811
A10653,5650057,0.009068285
A10653,5650453,0.01136939
A10653,5650470,0.007489066999999999
A10653,5650558,0.00477601
A10655,5650465,0.00359835
A10655,5650494,0.025167042999999997
A10655,5650560,0.024227005
A10656,5650423,0.014906648
A10656,5650494,0.049075877999999996
A10656,5650580,0.010944426
A10657,5649842,0.053917936
A10657,5649935,0.059722246
A10657,5650494,0.08142879900000001
A10657,5650512,0.015311021999999999
A10657,5650580,0.00431381
A10659,5649611,0.003087404
A10659,5650465,0.027495795
A10659,5650560,0.0233042
A10662,5649842,0.035861462000000004
A10662,5650423,0.004216999
A10662,5650580,0.02808186
A10664,5650057,0.008394825
A10664,5650560,0.009855738000000001
A10664,5650724,0.003956279
A10665,5649842,0.025622133999999998
A10665,5650494,0.0052889619999999995
A10665,5650580,0.024020915
A10666,5649611,0.0072775290000000005
A10666,5649908,0.006882770999999999
A10666,5650457,0.00413958
A10666,5650465,0.008558624
A10666,5650494,0.083650111
A10666,5650518,0.008145364
A10666,5650560,0.013337551000000001
A10670,5649935,0.028033051
A10670,5650423,0.004426115
A10670,5650512,0.032467117000000004
A10674,5649897,0.05382057
A10674,5650057,0.008807264
A10674,5650560,0.007287096
A10674,5650706,0.024933537999999998
A10674,5650724,0.007041466999999999
A10676,5649611,0.002475256
A10676,5649935,0.00305983
A10676,5650423,0.003101659
A10676,5650529,0.026317807999999998
A10680,5650494,0.004795376
A10680,5650512,0.033587637000000004
A10680,5650580,0.02618734
A10682,5650423,0.008884974
A10682,5650465,0.008552022
A10682,5650560,0.013801736
A10683,5649585,0.0036706890000000004
A10683,5649897,0.00148293
A10683,5650457,0.008036004
A10683,5650726,0.002791234
A10686,5649935,0.004591896
A10686,5650050,0.04149919
A10686,5650494,0.031193182000000003
A10692,5650050,0.00525073
A10692,5650423,0.02116436
A10692,5650494,0.032495206
A10698,5649611,0.007538385
A10698,5649908,0.023333927
A10698,5650465,0.0051694770000000004
A10698,5650494,0.004116934
A10703,5649611,0.005219118
A10703,5650494,0.003163639
A10703,5650560,0.003540008
A10710,5649823,0.012955204
A10710,5650465,0.0072308830000000004
A10710,5650494,0.009743669
A10710,5650560,0.008619357
A10719,5649823,0.011229865
A10719,5649842,0.039255494
A10719,5650494,0.032480971000000004
A10723,5649611,0.007810626
A10723,5650465,0.010003093000000001
A10723,5650494,0.004258471
A10723,5650560,0.009375763
A10724,5649681,0.015877665
A10724,5650465,0.00785937
A10724,5650560,0.0033316290000000004
A10725,5649681,0.017728191
A10725,5650494,0.004822703
A10725,5650560,0.003669854
A10729,5649611,0.002941973
A10729,5650465,0.005941504
A10729,5650494,0.00853531
A10732,5650050,0.002823301
A10732,5650406,0.016742333999999998
A10732,5650431,0.006066523000000001
A10736,5649611,0.014391683
A10736,5649681,0.098149004
A10736,5650494,0.011874353
A10740,5649611,0.006301711
A10740,5650457,0.004549206
A10740,5650465,0.009813971999999999
A10744,5649823,0.00836741
A10744,5650431,0.006362046999999999
A10744,5650465,0.005578372
A10744,5650494,0.0038037929999999998
A10744,5650560,0.007506316
A10748,5649681,0.009695295
A10748,5650494,0.017165985
A10748,5650512,0.011590406999999999
A10748,5650580,0.040818319
A10753,5650423,0.003790365
A10753,5650431,0.003625302
A10753,5650494,0.005694232
A10753,5650510,0.0026815259999999996
A10753,5650580,0.004452104
A10754,5649611,0.009585308
A10754,5650431,0.004857238
A10754,5650465,0.004023169
A10754,5650494,0.012453543000000001
A10765,5649611,0.008761281999999999
A10765,5650465,0.004212735
A10765,5650494,0.009675237
A10768,5650465,0.00484066
A10768,5650494,0.036728696
A10768,5650546,0.003992479
A10785,5650506,0.004725868
A10785,5650510,0.006963708000000001
A10785,5650672,0.009662218
